{"apiVersion":0,"version":"6cae702","data":{"type":"page","count":1,"map":"a_hpdPHO","title":"Carhuaz","subtitle":"Peru","url":"/visit/carhuaz/a_hpdPHO","utcOffset":-300,"content":[{"items":[{"page":{"url":"/listen/radio-cordillera-fm-102-9/oIArAN3n","type":"channel","place":{"id":"a_hpdPHO","title":"Carhuaz"},"title":"Radio Cordillera FM 102.9","secure":true,"country":{"id":"yVpROQbj","title":"Peru"},"stream":"dattassd.com"}}],"itemsType":"channel","title":"Stations in Carhuaz","type":"list"},{"itemsType":"channel","title":"Picks from the Area","type":"list","items":[{"page":{"url":"/listen/radio-urbana-fm-100-9/1Z2QK3q-","type":"channel","place":{"id":"XLVsdq_j","title":"Caraz"},"title":"Radio Urbana FM 100.9","secure":true,"country":{"id":"yVpROQbj","title":"Peru"},"subtitle":"Caraz","stream":"sistemasandinos.org"}},{"page":{"url":"/listen/radio-calor-107-1-fm/u6H7NJ7X","type":"channel","place":{"id":"MwxupFMQ","title":"Casma"},"title":"Radio Calor 107.1 FM","secure":true,"country":{"id":"yVpROQbj","title":"Peru"},"subtitle":"Casma","stream":"grupocentroserver.com"}},{"page":{"url":"/listen/onda-7-radio/x76QTq8E","type":"channel","place":{"id":"dtyNPcWZ","title":"Chimbote"},"title":"Onda 7 Radio","secure":true,"country":{"id":"yVpROQbj","title":"Peru"},"subtitle":"Chimbote","stream":"streamingssl.com"}},{"page":{"url":"/listen/radio-altura-de-ancash-96-5-fm/vM0iWjbZ","type":"channel","place":{"id":"9kcP6JY-","title":"Huaraz"},"title":"Radio Altura de Ancash 96.5 FM","secure":true,"country":{"id":"yVpROQbj","title":"Peru"},"subtitle":"Huaraz","stream":"mediatexcomunicaciones.com"}},{"page":{"url":"/listen/radio-sotelo-llamellin-101-3-fm/RDmYXNSB","type":"channel","place":{"id":"D76OAhfk","title":"Llamellín"},"title":"Radio Sotelo Llamellin 101.3 FM","secure":true,"country":{"id":"yVpROQbj","title":"Peru"},"subtitle":"Llamellín","stream":"zeno.fm"}}]},{"itemsType":"channel","title":"Popular in Peru","type":"list","items":[{"page":{"url":"/listen/rpp-noticias/dmS6OyZh","type":"channel","place":{"id":"5jurvhBK","title":"Lima"},"title":"RPP Noticias","secure":true,"country":{"id":"yVpROQbj","title":"Peru"},"subtitle":"Lima","stream":"mdstrm.com"}},{"page":{"url":"/listen/oxigeno-fm-102-1/o7YBr8b3","type":"channel","place":{"id":"5jurvhBK","title":"Lima"},"title":"Oxigeno FM 102.1","secure":true,"country":{"id":"yVpROQbj","title":"Peru"},"subtitle":"Lima","stream":"mdstrm.com"}},{"page":{"url":"/listen/radiomagica/DA1WR8uq","type":"channel","place":{"id":"5jurvhBK","title":"Lima"},"title":"Radio Mágica 88.3 FM","secure":true,"country":{"id":"yVpROQbj","title":"Peru"},"subtitle":"Lima","stream":"streamtheworld.com"}},{"page":{"url":"/listen/ritmoromantica/Bk52GczT","type":"channel","place":{"id":"5jurvhBK","title":"Lima"},"title":"Ritmo Romántica 93.1 FM","secure":true,"country":{"id":"yVpROQbj","title":"Peru"},"subtitle":"Lima","stream":"streamtheworld.com"}},{"page":{"url":"/listen/radio-la-inolvidable/hRsdaM89","type":"channel","place":{"id":"5jurvhBK","title":"Lima"},"title":"Radio La Inolvidable","secure":true,"country":{"id":"yVpROQbj","title":"Peru"},"subtitle":"Lima","stream":"streamtheworld.com"}},{"rightAccessory":"chevron-right","title":"Go to Peru","type":"more","page":{"type":"page","title":"Peru","url":"/visit/peru/yVpROQbj"}}]},{"rightAccessory":"chevron-right","title":"Nearby Carhuaz","type":"list","items":[{"page":{"map":"9kcP6JY-","url":"/visit/huaraz/9kcP6JY-","type":"page","count":2,"title":"Huaraz","subtitle":"Peru"},"title":"Huaraz","rightDetail":"30 km"},{"page":{"map":"XLVsdq_j","url":"/visit/caraz/XLVsdq_j","type":"page","count":1,"title":"Caraz","subtitle":"Peru"},"title":"Caraz","rightDetail":"32 km"},{"page":{"map":"kubQRbGA","url":"/visit/ponto/kubQRbGA","type":"page","count":1,"title":"Pontó","subtitle":"Peru"},"title":"Pontó","rightDetail":"70 km"},{"page":{"map":"D76OAhfk","url":"/visit/llamellin-district/D76OAhfk","type":"page","count":1,"title":"Llamellín","subtitle":"Peru"},"title":"Llamellín","rightDetail":"72 km"},{"page":{"map":"MwxupFMQ","url":"/visit/casma/MwxupFMQ","type":"page","count":1,"title":"Casma","subtitle":"Peru"},"title":"Casma","rightDetail":"76 km"}]},{"rightAccessory":"chevron-right","title":"Cities in Peru","type":"list","items":[{"page":{"map":"5jurvhBK","url":"/visit/lima/5jurvhBK","type":"page","count":94,"title":"Lima","subtitle":"Peru"},"title":"Lima","leftAccessory":"count","leftAccessoryCount":94},{"page":{"map":"KV7yz8fw","url":"/visit/arequipa/KV7yz8fw","type":"page","count":19,"title":"Arequipa","subtitle":"Peru"},"title":"Arequipa","leftAccessory":"count","leftAccessoryCount":19},{"page":{"map":"R6OuJpsE","url":"/visit/trujillo/R6OuJpsE","type":"page","count":10,"title":"Trujillo","subtitle":"Peru"},"title":"Trujillo","leftAccessory":"count","leftAccessoryCount":10},{"page":{"map":"MLumT7xH","url":"/visit/cusco/MLumT7xH","type":"page","count":7,"title":"Cusco","subtitle":"Peru"},"title":"Cusco","leftAccessory":"count","leftAccessoryCount":7},{"page":{"map":"JZ0R3XNL","url":"/visit/moquegua/JZ0R3XNL","type":"page","count":7,"title":"Moquegua","subtitle":"Peru"},"title":"Moquegua","leftAccessory":"count","leftAccessoryCount":7},{"page":{"map":"kaZrpccB","url":"/visit/puno/kaZrpccB","type":"page","count":6,"title":"Puno","subtitle":"Peru"},"title":"Puno","leftAccessory":"count","leftAccessoryCount":6},{"page":{"map":"eMGVY-_t","url":"/visit/tarapoto/eMGVY-_t","type":"page","count":6,"title":"Tarapoto","subtitle":"Peru"},"title":"Tarapoto","leftAccessory":"count","leftAccessoryCount":6},{"page":{"map":"gg8E3Zit","url":"/visit/tacna/gg8E3Zit","type":"page","count":6,"title":"Tacna","subtitle":"Peru"},"title":"Tacna","leftAccessory":"count","leftAccessoryCount":6}]}]}}