{"apiVersion":0,"version":"6cae702","data":{"type":"page","count":1,"map":"owMiHNzr","title":"Magnac-Laval","subtitle":"France","url":"/visit/magnac-laval/owMiHNzr","utcOffset":120,"content":[{"items":[{"page":{"url":"/listen/rmj/vAiH6YBx","type":"channel","place":{"id":"owMiHNzr","title":"Magnac-Laval"},"title":"RMJ FM 90.1","secure":true,"country":{"id":"bOKG9ELF","title":"France"},"stream":"votreradiosurlenet.eu"}}],"itemsType":"channel","title":"Stations in Magnac-Laval","type":"list"},{"itemsType":"channel","title":"Picks from the Area","type":"list","items":[{"page":{"url":"/listen/radio-pays-de-gueret/yVBWn1Tg","type":"channel","place":{"id":"vzPKuqv6","title":"Guéret"},"title":"Radio Pays de Guéret","secure":true,"country":{"id":"bOKG9ELF","title":"France"},"subtitle":"Guéret","stream":"infomaniak.ch"}},{"page":{"url":"/listen/france-bleu-berry/UD9gC7aV","type":"channel","place":{"id":"hWidixfX","title":"Châteauroux"},"title":"France Bleu Berry","secure":true,"country":{"id":"bOKG9ELF","title":"France"},"subtitle":"Châteauroux","stream":"radiofrance.fr"}},{"page":{"url":"/listen/oz-ondes-fm-99-7/glKy8iO3","type":"channel","place":{"id":"tVZKZGZT","title":"Châtellerault"},"title":"Oz'Ondes FM 99.7","secure":true,"country":{"id":"bOKG9ELF","title":"France"},"subtitle":"Châtellerault","stream":"pro-fhi.net"}},{"page":{"url":"/listen/radio-agora-fm-106-2/7s_Tn84k","type":"channel","place":{"id":"EIZ9PFMv","title":"Montmorillon"},"title":"Radio Agora FM 106.2","secure":true,"country":{"id":"bOKG9ELF","title":"France"},"subtitle":"Montmorillon","stream":"infomaniak.ch"}},{"page":{"url":"/listen/ici-l-onde/cuC36ueX","type":"channel","place":{"id":"iqjHymKf","title":"Bellac"},"title":"Ici l'Onde","secure":true,"country":{"id":"bOKG9ELF","title":"France"},"subtitle":"Bellac","stream":"infomaniak.ch"}}]},{"itemsType":"channel","title":"Popular in France","type":"list","items":[{"page":{"url":"/listen/franceinfo/zY5P7lth","type":"channel","place":{"id":"B7DS4V1m","title":"Paris"},"title":"France Info 105.7","secure":true,"country":{"id":"bOKG9ELF","title":"France"},"subtitle":"Paris","stream":"franceinfo.fr"}},{"page":{"url":"/listen/franceinter/KbsffvuC","type":"channel","place":{"id":"B7DS4V1m","title":"Paris"},"title":"France Inter","secure":true,"country":{"id":"bOKG9ELF","title":"France"},"subtitle":"Paris","stream":"franceinter.fr"}},{"page":{"url":"/listen/rmc-bfm/aPmsnndm","type":"channel","place":{"id":"B7DS4V1m","title":"Paris"},"title":"RMC","secure":true,"country":{"id":"bOKG9ELF","title":"France"},"subtitle":"Paris","stream":"bfmtv.com"}},{"page":{"url":"/listen/europe-1/JyfL0xZj","type":"channel","place":{"id":"B7DS4V1m","title":"Paris"},"title":"Europe 1","secure":true,"country":{"id":"bOKG9ELF","title":"France"},"subtitle":"Paris","stream":"lmn.fm"}},{"page":{"url":"/listen/franceculture/sM7TMdOw","type":"channel","place":{"id":"B7DS4V1m","title":"Paris"},"title":"France Culture","secure":true,"country":{"id":"bOKG9ELF","title":"France"},"subtitle":"Paris","stream":"franceculture.fr"}},{"rightAccessory":"chevron-right","title":"Go to France","type":"more","page":{"type":"page","title":"France","url":"/visit/france/bOKG9ELF"}}]},{"rightAccessory":"chevron-right","title":"Nearby Magnac-Laval","type":"list","items":[{"page":{"map":"iqjHymKf","url":"/visit/bellac/iqjHymKf","type":"page","count":1,"title":"Bellac","subtitle":"France"},"title":"Bellac","rightDetail":"14 km"},{"page":{"map":"EIZ9PFMv","url":"/visit/montmorillon/EIZ9PFMv","type":"page","count":1,"title":"Montmorillon","subtitle":"France"},"title":"Montmorillon","rightDetail":"33 km"},{"page":{"map":"snemOq10","url":"/visit/limoges/snemOq10","type":"page","count":5,"title":"Limoges","subtitle":"France"},"title":"Limoges","rightDetail":"43 km"},{"page":{"map":"2NIrmPpQ","url":"/visit/le-blanc/2NIrmPpQ","type":"page","count":1,"title":"Le Blanc","subtitle":"France"},"title":"Le Blanc","rightDetail":"47 km"},{"page":{"map":"vzPKuqv6","url":"/visit/gueret/vzPKuqv6","type":"page","count":1,"title":"Guéret","subtitle":"France"},"title":"Guéret","rightDetail":"55 km"}]},{"rightAccessory":"chevron-right","title":"Cities in France","type":"list","items":[{"page":{"map":"B7DS4V1m","url":"/visit/paris/B7DS4V1m","type":"page","count":497,"title":"Paris","subtitle":"France"},"title":"Paris","leftAccessory":"count","leftAccessoryCount":497},{"page":{"map":"KXcDeFyY","url":"/visit/lyon/KXcDeFyY","type":"page","count":139,"title":"Lyon","subtitle":"France"},"title":"Lyon","leftAccessory":"count","leftAccessoryCount":139},{"page":{"map":"U2PrX7mN","url":"/visit/lille/U2PrX7mN","type":"page","count":18,"title":"Lille","subtitle":"France"},"title":"Lille","leftAccessory":"count","leftAccessoryCount":18},{"page":{"map":"a81yKusf","url":"/visit/nantes/a81yKusf","type":"page","count":17,"title":"Nantes","subtitle":"France"},"title":"Nantes","leftAccessory":"count","leftAccessoryCount":17},{"page":{"map":"kCPeb6ls","url":"/visit/strasbourg/kCPeb6ls","type":"page","count":15,"title":"Strasbourg","subtitle":"France"},"title":"Strasbourg","leftAccessory":"count","leftAccessoryCount":15},{"page":{"map":"f9pePS41","url":"/visit/toulouse/f9pePS41","type":"page","count":15,"title":"Toulouse","subtitle":"France"},"title":"Toulouse","leftAccessory":"count","leftAccessoryCount":15},{"page":{"map":"QfoEidod","url":"/visit/bordeaux/QfoEidod","type":"page","count":15,"title":"Bordeaux","subtitle":"France"},"title":"Bordeaux","leftAccessory":"count","leftAccessoryCount":15},{"page":{"map":"zOAx4iIs","url":"/visit/montpellier/zOAx4iIs","type":"page","count":14,"title":"Montpellier","subtitle":"France"},"title":"Montpellier","leftAccessory":"count","leftAccessoryCount":14}]}]}}