{"apiVersion":0,"version":"6cae702","data":{"type":"page","count":1,"map":"RgHLOx9x","title":"Melun","subtitle":"France","url":"/visit/melun/RgHLOx9x","utcOffset":120,"content":[{"items":[{"page":{"url":"/listen/evasionfm/dACVBMAi","type":"channel","place":{"id":"RgHLOx9x","title":"Melun"},"title":"Evasion FM - Melun","secure":true,"country":{"id":"bOKG9ELF","title":"France"},"stream":"evasionfm.com"}}],"itemsType":"channel","title":"Stations in Melun","type":"list"},{"itemsType":"channel","title":"Picks from the Area","type":"list","items":[{"page":{"url":"/listen/funxoul/UNsITjqC","type":"channel","place":{"id":"4I_gWhjg","title":"Grigny"},"title":"Funxoul","secure":true,"country":{"id":"bOKG9ELF","title":"France"},"subtitle":"Grigny","stream":"pro-fhi.net"}},{"page":{"url":"/listen/disney-village-radio/oR_j1PYW","type":"channel","place":{"id":"ozcxUrVc","title":"Chessy"},"title":"Disney Village Radio","secure":true,"country":{"id":"bOKG9ELF","title":"France"},"subtitle":"Chessy","stream":"infomaniak.ch"}},{"page":{"url":"/listen/classik-radio/ZvB0lere","type":"channel","place":{"id":"MXij1b7G","title":"Courcouronnes"},"title":"Classik Radio","secure":true,"country":{"id":"bOKG9ELF","title":"France"},"subtitle":"Courcouronnes","stream":"vestaradio.com"}},{"page":{"url":"/listen/radioxygene/HhBY799H","type":"channel","place":{"id":"ZGcCEux5","title":"Montereau-Fault-Yonne"},"title":"Radio Oxygène","secure":true,"country":{"id":"bOKG9ELF","title":"France"},"subtitle":"Montereau-Fault-Yonne","stream":"creacast.com"}},{"page":{"url":"/listen/chante-france-60-s/K6N4tlaP","type":"channel","place":{"id":"8QlYldC9","title":"Evry"},"title":"Chante France 60's","secure":true,"country":{"id":"bOKG9ELF","title":"France"},"subtitle":"Evry","stream":"infomaniak.ch"}}]},{"itemsType":"channel","title":"Popular in France","type":"list","items":[{"page":{"url":"/listen/franceinfo/zY5P7lth","type":"channel","place":{"id":"B7DS4V1m","title":"Paris"},"title":"France Info 105.7","secure":true,"country":{"id":"bOKG9ELF","title":"France"},"subtitle":"Paris","stream":"franceinfo.fr"}},{"page":{"url":"/listen/franceinter/KbsffvuC","type":"channel","place":{"id":"B7DS4V1m","title":"Paris"},"title":"France Inter","secure":true,"country":{"id":"bOKG9ELF","title":"France"},"subtitle":"Paris","stream":"franceinter.fr"}},{"page":{"url":"/listen/rmc-bfm/aPmsnndm","type":"channel","place":{"id":"B7DS4V1m","title":"Paris"},"title":"RMC","secure":true,"country":{"id":"bOKG9ELF","title":"France"},"subtitle":"Paris","stream":"bfmtv.com"}},{"page":{"url":"/listen/europe-1/JyfL0xZj","type":"channel","place":{"id":"B7DS4V1m","title":"Paris"},"title":"Europe 1","secure":true,"country":{"id":"bOKG9ELF","title":"France"},"subtitle":"Paris","stream":"lmn.fm"}},{"page":{"url":"/listen/franceculture/sM7TMdOw","type":"channel","place":{"id":"B7DS4V1m","title":"Paris"},"title":"France Culture","secure":true,"country":{"id":"bOKG9ELF","title":"France"},"subtitle":"Paris","stream":"franceculture.fr"}},{"rightAccessory":"chevron-right","title":"Go to France","type":"more","page":{"type":"page","title":"France","url":"/visit/france/bOKG9ELF"}}]},{"rightAccessory":"chevron-right","title":"Nearby Melun","type":"list","items":[{"page":{"map":"lpTvYS2u","url":"/visit/corbeil-essonnes/lpTvYS2u","type":"page","count":1,"title":"Corbeil-Essonnes","subtitle":"France"},"title":"Corbeil-Essonnes","rightDetail":"15 km"},{"page":{"map":"8QlYldC9","url":"/visit/evry/8QlYldC9","type":"page","count":1,"title":"Evry","subtitle":"France"},"title":"Evry","rightDetail":"19 km"},{"page":{"map":"MXij1b7G","url":"/visit/courcouronnes/MXij1b7G","type":"page","count":3,"title":"Courcouronnes","subtitle":"France"},"title":"Courcouronnes","rightDetail":"20 km"},{"page":{"map":"4I_gWhjg","url":"/visit/grigny/4I_gWhjg","type":"page","count":2,"title":"Grigny","subtitle":"France"},"title":"Grigny","rightDetail":"23 km"},{"page":{"map":"WqCvwhoE","url":"/visit/gretz-armainvilliers/WqCvwhoE","type":"page","count":1,"title":"Gretz-Armainvilliers","subtitle":"France"},"title":"Gretz-Armainvilliers","rightDetail":"23 km"}]},{"rightAccessory":"chevron-right","title":"Cities in France","type":"list","items":[{"page":{"map":"B7DS4V1m","url":"/visit/paris/B7DS4V1m","type":"page","count":497,"title":"Paris","subtitle":"France"},"title":"Paris","leftAccessory":"count","leftAccessoryCount":497},{"page":{"map":"KXcDeFyY","url":"/visit/lyon/KXcDeFyY","type":"page","count":139,"title":"Lyon","subtitle":"France"},"title":"Lyon","leftAccessory":"count","leftAccessoryCount":139},{"page":{"map":"U2PrX7mN","url":"/visit/lille/U2PrX7mN","type":"page","count":18,"title":"Lille","subtitle":"France"},"title":"Lille","leftAccessory":"count","leftAccessoryCount":18},{"page":{"map":"a81yKusf","url":"/visit/nantes/a81yKusf","type":"page","count":17,"title":"Nantes","subtitle":"France"},"title":"Nantes","leftAccessory":"count","leftAccessoryCount":17},{"page":{"map":"kCPeb6ls","url":"/visit/strasbourg/kCPeb6ls","type":"page","count":15,"title":"Strasbourg","subtitle":"France"},"title":"Strasbourg","leftAccessory":"count","leftAccessoryCount":15},{"page":{"map":"f9pePS41","url":"/visit/toulouse/f9pePS41","type":"page","count":15,"title":"Toulouse","subtitle":"France"},"title":"Toulouse","leftAccessory":"count","leftAccessoryCount":15},{"page":{"map":"QfoEidod","url":"/visit/bordeaux/QfoEidod","type":"page","count":15,"title":"Bordeaux","subtitle":"France"},"title":"Bordeaux","leftAccessory":"count","leftAccessoryCount":15},{"page":{"map":"zOAx4iIs","url":"/visit/montpellier/zOAx4iIs","type":"page","count":14,"title":"Montpellier","subtitle":"France"},"title":"Montpellier","leftAccessory":"count","leftAccessoryCount":14}]}]}}