{"apiVersion":0,"version":"6cae702","data":{"type":"page","count":1,"map":"vDQ01oMA","title":"Cabezuela del Valle","subtitle":"Spain","url":"/visit/cabezuela-del-valle/vDQ01oMA","utcOffset":120,"content":[{"items":[{"page":{"url":"/listen/radio-fuego-de-pasion/ptt_PEbQ","type":"channel","place":{"id":"vDQ01oMA","title":"Cabezuela del Valle"},"title":"Radio Fuego De Pasion","secure":true,"country":{"id":"V9cvEXA9","title":"Spain"},"stream":"tvcontrolcp.com"}}],"itemsType":"channel","title":"Stations in Cabezuela del Valle","type":"list"},{"itemsType":"channel","title":"Picks from the Area","type":"list","items":[{"page":{"url":"/listen/onda-cero-89-1-fm/1SXQ41DX","type":"channel","place":{"id":"ahzH008B","title":"Ciudad Rodrigo"},"title":"Onda Cero 89.1 FM","secure":true,"country":{"id":"V9cvEXA9","title":"Spain"},"subtitle":"Ciudad Rodrigo","stream":"bit.ly"}},{"page":{"url":"/listen/radio-guijuelo-107-4-fm/K2cOpyiy","type":"channel","place":{"id":"PcSWe4zE","title":"Guijuelo"},"title":"Radio Guijuelo 107.4 FM","secure":true,"country":{"id":"V9cvEXA9","title":"Spain"},"subtitle":"Guijuelo","stream":"guijuelo.es"}},{"page":{"url":"/listen/radio-espacio/c1TYJUg1","type":"channel","place":{"id":"h4HRuZSD","title":"Cabrerizos"},"title":"Radio Espacio","secure":true,"country":{"id":"V9cvEXA9","title":"Spain"},"subtitle":"Cabrerizos","stream":"lhdserver.es"}},{"page":{"url":"/listen/cope-caceres/8y9XsTwn","type":"channel","place":{"id":"cBomcEHm","title":"Cáceres"},"title":"COPE Cáceres","secure":true,"country":{"id":"V9cvEXA9","title":"Spain"},"subtitle":"Cáceres","stream":"flumotion.com"}},{"page":{"url":"/listen/radio-oasis/1XrUq7HZ","type":"channel","place":{"id":"ae4kORX8","title":"Salamanca"},"title":"Radio Oasis","secure":true,"country":{"id":"V9cvEXA9","title":"Spain"},"subtitle":"Salamanca","stream":"eldialdigital.com"}}]},{"itemsType":"channel","title":"Popular in Spain","type":"list","items":[{"page":{"url":"/listen/cope-madrid/RO3xvxeU","type":"channel","place":{"id":"hFG1a7Dk","title":"Madrid"},"title":"COPE Madrid","secure":true,"country":{"id":"V9cvEXA9","title":"Spain"},"subtitle":"Madrid","stream":"flumotion.com"}},{"page":{"url":"/listen/cadenaser/piGwX76D","type":"channel","place":{"id":"hFG1a7Dk","title":"Madrid"},"title":"Cadena Ser","secure":true,"country":{"id":"V9cvEXA9","title":"Spain"},"subtitle":"Madrid","stream":"streamtheworld.com"}},{"page":{"url":"/listen/esradio/HGMbdCXa","type":"channel","place":{"id":"hFG1a7Dk","title":"Madrid"},"title":"esRadio","secure":true,"country":{"id":"V9cvEXA9","title":"Spain"},"subtitle":"Madrid","stream":"flumotion.com"}},{"page":{"url":"/listen/rock-fm/rjv2cBe2","type":"channel","place":{"id":"hFG1a7Dk","title":"Madrid"},"title":"Rock FM","secure":true,"country":{"id":"V9cvEXA9","title":"Spain"},"subtitle":"Madrid","stream":"flumotion.com"}},{"page":{"url":"/listen/cadena-100/D1UBtS5T","type":"channel","place":{"id":"hFG1a7Dk","title":"Madrid"},"title":"Cadena 100","secure":true,"country":{"id":"V9cvEXA9","title":"Spain"},"subtitle":"Madrid","stream":"flumotion.com"}},{"rightAccessory":"chevron-right","title":"Go to Spain","type":"more","page":{"type":"page","title":"Spain","url":"/visit/spain/V9cvEXA9"}}]},{"rightAccessory":"chevron-right","title":"Nearby Cabezuela del Valle","type":"list","items":[{"page":{"map":"gWXCi1Kk","url":"/visit/plasencia/gWXCi1Kk","type":"page","count":1,"title":"Plasencia","subtitle":"Spain"},"title":"Plasencia","rightDetail":"29 km"},{"page":{"map":"PcSWe4zE","url":"/visit/guijuelo/PcSWe4zE","type":"page","count":1,"title":"Guijuelo","subtitle":"Spain"},"title":"Guijuelo","rightDetail":"42 km"},{"page":{"map":"ahzH008B","url":"/visit/ciudad-rodrigo/ahzH008B","type":"page","count":1,"title":"Ciudad Rodrigo","subtitle":"Spain"},"title":"Ciudad Rodrigo","rightDetail":"76 km"},{"page":{"map":"ae4kORX8","url":"/visit/salamanca/ae4kORX8","type":"page","count":6,"title":"Salamanca","subtitle":"Spain"},"title":"Salamanca","rightDetail":"87 km"},{"page":{"map":"z3LWHIs1","url":"/visit/talavera-de-la-reina/z3LWHIs1","type":"page","count":3,"title":"Talavera de la Reina","subtitle":"Spain"},"title":"Talavera de la Reina","rightDetail":"87 km"}]},{"rightAccessory":"chevron-right","title":"Cities in Spain","type":"list","items":[{"page":{"map":"hFG1a7Dk","url":"/visit/madrid/hFG1a7Dk","type":"page","count":104,"title":"Madrid","subtitle":"Spain"},"title":"Madrid","leftAccessory":"count","leftAccessoryCount":104},{"page":{"map":"DySRBHdL","url":"/visit/barcelona/DySRBHdL","type":"page","count":44,"title":"Barcelona","subtitle":"Spain"},"title":"Barcelona","leftAccessory":"count","leftAccessoryCount":44},{"page":{"map":"BQp7EEgW","url":"/visit/palma/BQp7EEgW","type":"page","count":35,"title":"Palma de Mallorca","subtitle":"Spain"},"title":"Palma de Mallorca","leftAccessory":"count","leftAccessoryCount":35},{"page":{"map":"xdFoGP7o","url":"/visit/malaga/xdFoGP7o","type":"page","count":33,"title":"Málaga","subtitle":"Spain"},"title":"Málaga","leftAccessory":"count","leftAccessoryCount":33},{"page":{"map":"yww6IvMD","url":"/visit/valencia/yww6IvMD","type":"page","count":25,"title":"Valencia","subtitle":"Spain"},"title":"Valencia","leftAccessory":"count","leftAccessoryCount":25},{"page":{"map":"6DT6YRBu","url":"/visit/seville/6DT6YRBu","type":"page","count":24,"title":"Seville","subtitle":"Spain"},"title":"Seville","leftAccessory":"count","leftAccessoryCount":24},{"page":{"map":"UpWDKzmZ","url":"/visit/ibiza/UpWDKzmZ","type":"page","count":22,"title":"Ibiza","subtitle":"Spain"},"title":"Ibiza","leftAccessory":"count","leftAccessoryCount":22},{"page":{"map":"BAybPmHT","url":"/visit/santa-cruz-de-tenerife/BAybPmHT","type":"page","count":21,"title":"Santa Cruz de Tenerife","subtitle":"Spain"},"title":"Santa Cruz de Tenerife","leftAccessory":"count","leftAccessoryCount":21}]}]}}