{"apiVersion":0,"version":"6cae702","data":{"type":"page","count":1,"map":"XnhuihcO","title":"Lerma","subtitle":"Spain","url":"/visit/lerma-province-of-burgos/XnhuihcO","utcOffset":120,"content":[{"items":[{"page":{"url":"/listen/anda-onda-lerma/-ufOCLUF","type":"channel","place":{"id":"XnhuihcO","title":"Lerma"},"title":"Anda Onda Lerma 107.2 FM","secure":true,"country":{"id":"V9cvEXA9","title":"Spain"},"stream":"topradio.uno"}}],"itemsType":"channel","title":"Stations in Lerma","type":"list"},{"itemsType":"channel","title":"Picks from the Area","type":"list","items":[{"page":{"url":"/listen/radio-aguilar-107-9-fm/Rs4GjbJp","type":"channel","place":{"id":"jPjVMFjo","title":"Aguilar de Campoo"},"title":"Radio Aguilar 107.9 FM","secure":true,"country":{"id":"V9cvEXA9","title":"Spain"},"subtitle":"Aguilar de Campoo","stream":"emisionlocal.com"}},{"page":{"url":"/listen/radio-briviesca-fm-107-3/vOBDwUY7","type":"channel","place":{"id":"i2b0sEFO","title":"Briviesca"},"title":"Radio Briviesca FM 107.3","secure":true,"country":{"id":"V9cvEXA9","title":"Spain"},"subtitle":"Briviesca","stream":"topradio.uno"}},{"page":{"url":"/listen/planet-music-radio/3FCgGohv","type":"channel","place":{"id":"ErINsmtr","title":"Burgos"},"title":"Planet Music Radio","secure":true,"country":{"id":"V9cvEXA9","title":"Spain"},"subtitle":"Burgos","stream":"streamsolutions.us"}},{"page":{"url":"/listen/radio-iris-7/YRSVQHmA","type":"channel","place":{"id":"fFfblNpC","title":"Aranda de Duero"},"title":"Radio Iris 7","secure":true,"country":{"id":"V9cvEXA9","title":"Spain"},"subtitle":"Aranda de Duero","stream":"sistemahost.es"}},{"page":{"url":"/listen/playtrance-classics/jUaPaTmT","type":"channel","place":{"id":"DFYIUBpn","title":"Valladolid"},"title":"PlayTrance Classics","secure":true,"country":{"id":"V9cvEXA9","title":"Spain"},"subtitle":"Valladolid","stream":"playtrance.com"}}]},{"itemsType":"channel","title":"Popular in Spain","type":"list","items":[{"page":{"url":"/listen/cope-madrid/RO3xvxeU","type":"channel","place":{"id":"hFG1a7Dk","title":"Madrid"},"title":"COPE Madrid","secure":true,"country":{"id":"V9cvEXA9","title":"Spain"},"subtitle":"Madrid","stream":"flumotion.com"}},{"page":{"url":"/listen/cadenaser/piGwX76D","type":"channel","place":{"id":"hFG1a7Dk","title":"Madrid"},"title":"Cadena Ser","secure":true,"country":{"id":"V9cvEXA9","title":"Spain"},"subtitle":"Madrid","stream":"streamtheworld.com"}},{"page":{"url":"/listen/esradio/HGMbdCXa","type":"channel","place":{"id":"hFG1a7Dk","title":"Madrid"},"title":"esRadio","secure":true,"country":{"id":"V9cvEXA9","title":"Spain"},"subtitle":"Madrid","stream":"flumotion.com"}},{"page":{"url":"/listen/rock-fm/rjv2cBe2","type":"channel","place":{"id":"hFG1a7Dk","title":"Madrid"},"title":"Rock FM","secure":true,"country":{"id":"V9cvEXA9","title":"Spain"},"subtitle":"Madrid","stream":"flumotion.com"}},{"page":{"url":"/listen/cadena-100/D1UBtS5T","type":"channel","place":{"id":"hFG1a7Dk","title":"Madrid"},"title":"Cadena 100","secure":true,"country":{"id":"V9cvEXA9","title":"Spain"},"subtitle":"Madrid","stream":"flumotion.com"}},{"rightAccessory":"chevron-right","title":"Go to Spain","type":"more","page":{"type":"page","title":"Spain","url":"/visit/spain/V9cvEXA9"}}]},{"rightAccessory":"chevron-right","title":"Nearby Lerma","type":"list","items":[{"page":{"map":"ErINsmtr","url":"/visit/burgos/ErINsmtr","type":"page","count":5,"title":"Burgos","subtitle":"Spain"},"title":"Burgos","rightDetail":"36 km"},{"page":{"map":"fFfblNpC","url":"/visit/aranda-de-duero/fFfblNpC","type":"page","count":2,"title":"Aranda de Duero","subtitle":"Spain"},"title":"Aranda de Duero","rightDetail":"40 km"},{"page":{"map":"3ScyKhXr","url":"/visit/penafiel/3ScyKhXr","type":"page","count":1,"title":"Pe침afiel","subtitle":"Spain"},"title":"Pe침afiel","rightDetail":"56 km"},{"page":{"map":"ZdqRbIwv","url":"/visit/palencia/ZdqRbIwv","type":"page","count":3,"title":"Palencia","subtitle":"Spain"},"title":"Palencia","rightDetail":"64 km"},{"page":{"map":"i2b0sEFO","url":"/visit/briviesca/i2b0sEFO","type":"page","count":1,"title":"Briviesca","subtitle":"Spain"},"title":"Briviesca","rightDetail":"68 km"}]},{"rightAccessory":"chevron-right","title":"Cities in Spain","type":"list","items":[{"page":{"map":"hFG1a7Dk","url":"/visit/madrid/hFG1a7Dk","type":"page","count":104,"title":"Madrid","subtitle":"Spain"},"title":"Madrid","leftAccessory":"count","leftAccessoryCount":104},{"page":{"map":"DySRBHdL","url":"/visit/barcelona/DySRBHdL","type":"page","count":44,"title":"Barcelona","subtitle":"Spain"},"title":"Barcelona","leftAccessory":"count","leftAccessoryCount":44},{"page":{"map":"BQp7EEgW","url":"/visit/palma/BQp7EEgW","type":"page","count":35,"title":"Palma de Mallorca","subtitle":"Spain"},"title":"Palma de Mallorca","leftAccessory":"count","leftAccessoryCount":35},{"page":{"map":"xdFoGP7o","url":"/visit/malaga/xdFoGP7o","type":"page","count":33,"title":"M치laga","subtitle":"Spain"},"title":"M치laga","leftAccessory":"count","leftAccessoryCount":33},{"page":{"map":"yww6IvMD","url":"/visit/valencia/yww6IvMD","type":"page","count":25,"title":"Valencia","subtitle":"Spain"},"title":"Valencia","leftAccessory":"count","leftAccessoryCount":25},{"page":{"map":"6DT6YRBu","url":"/visit/seville/6DT6YRBu","type":"page","count":24,"title":"Seville","subtitle":"Spain"},"title":"Seville","leftAccessory":"count","leftAccessoryCount":24},{"page":{"map":"UpWDKzmZ","url":"/visit/ibiza/UpWDKzmZ","type":"page","count":22,"title":"Ibiza","subtitle":"Spain"},"title":"Ibiza","leftAccessory":"count","leftAccessoryCount":22},{"page":{"map":"BAybPmHT","url":"/visit/santa-cruz-de-tenerife/BAybPmHT","type":"page","count":21,"title":"Santa Cruz de Tenerife","subtitle":"Spain"},"title":"Santa Cruz de Tenerife","leftAccessory":"count","leftAccessoryCount":21}]}]}}