{"apiVersion":0,"version":"6cae702","data":{"type":"page","count":1,"map":"BD7dMrix","title":"Sarreguemines","subtitle":"France","url":"/visit/sarreguemines/BD7dMrix","utcOffset":120,"content":[{"items":[{"page":{"url":"/listen/radiomelodie/MV2eHVpZ","type":"channel","place":{"id":"BD7dMrix","title":"Sarreguemines"},"title":"Radio Melodie","secure":true,"country":{"id":"bOKG9ELF","title":"France"},"stream":"creacast.com"}}],"itemsType":"channel","title":"Stations in Sarreguemines","type":"list"},{"itemsType":"channel","title":"Picks from the Area","type":"list","items":[{"page":{"url":"/listen/radiostudio1/hbsfIhxf","type":"channel","place":{"id":"EUV3I4cc","title":"Bitche"},"title":"Radio Studio 1","secure":true,"country":{"id":"bOKG9ELF","title":"France"},"subtitle":"Bitche","stream":"infomaniak.ch"}},{"page":{"url":"/listen/radio-estfm/UOYIjreV","type":"channel","place":{"id":"NEtcZk1T","title":"Puberg"},"title":"Est FM","secure":true,"country":{"id":"bOKG9ELF","title":"France"},"subtitle":"Puberg","stream":"creacast.com"}},{"page":{"url":"/listen/radio-saint-nabor-fm-103-2/F1rpxU6O","type":"channel","place":{"id":"szpcykmT","title":"Saint-Avold"},"title":"Radio Saint-Nabor FM 103.2","secure":true,"country":{"id":"bOKG9ELF","title":"France"},"subtitle":"Saint-Avold","stream":"creacast.com"}},{"page":{"url":"/listen/classic-rock-radio-hard-and-heavy/uHG2X1Xr","type":"channel","place":{"id":"VnEgKRBi","title":"Saarbrücken"},"title":"Classic Rock Radio - Hard & Heavy","secure":true,"country":{"id":"gz1nOd3X","title":"Germany"},"subtitle":"Saarbrücken","stream":"salue.de"}},{"page":{"url":"/listen/antenne-zweibruecken-fm-91-6/FHEZtKDK","type":"channel","place":{"id":"xtGpxOlP","title":"Zweibrücken"},"title":"Antenne Zweibruecken FM 91.6","secure":true,"country":{"id":"gz1nOd3X","title":"Germany"},"subtitle":"Zweibrücken","stream":"radiogroup.de"}}]},{"itemsType":"channel","title":"Popular in France","type":"list","items":[{"page":{"url":"/listen/franceinfo/zY5P7lth","type":"channel","place":{"id":"B7DS4V1m","title":"Paris"},"title":"France Info 105.7","secure":true,"country":{"id":"bOKG9ELF","title":"France"},"subtitle":"Paris","stream":"franceinfo.fr"}},{"page":{"url":"/listen/franceinter/KbsffvuC","type":"channel","place":{"id":"B7DS4V1m","title":"Paris"},"title":"France Inter","secure":true,"country":{"id":"bOKG9ELF","title":"France"},"subtitle":"Paris","stream":"franceinter.fr"}},{"page":{"url":"/listen/rmc-bfm/aPmsnndm","type":"channel","place":{"id":"B7DS4V1m","title":"Paris"},"title":"RMC","secure":true,"country":{"id":"bOKG9ELF","title":"France"},"subtitle":"Paris","stream":"bfmtv.com"}},{"page":{"url":"/listen/europe-1/JyfL0xZj","type":"channel","place":{"id":"B7DS4V1m","title":"Paris"},"title":"Europe 1","secure":true,"country":{"id":"bOKG9ELF","title":"France"},"subtitle":"Paris","stream":"lmn.fm"}},{"page":{"url":"/listen/franceculture/sM7TMdOw","type":"channel","place":{"id":"B7DS4V1m","title":"Paris"},"title":"France Culture","secure":true,"country":{"id":"bOKG9ELF","title":"France"},"subtitle":"Paris","stream":"franceculture.fr"}},{"rightAccessory":"chevron-right","title":"Go to France","type":"more","page":{"type":"page","title":"France","url":"/visit/france/bOKG9ELF"}}]},{"rightAccessory":"chevron-right","title":"Nearby Sarreguemines","type":"list","items":[{"page":{"map":"b7MKeAYB","url":"/visit/kleinblittersdorf/b7MKeAYB","type":"page","count":4,"title":"Kleinblittersdorf","subtitle":"France"},"title":"Kleinblittersdorf","rightDetail":"6 km"},{"page":{"map":"VnEgKRBi","url":"/visit/saarbrucken/VnEgKRBi","type":"page","count":10,"title":"Saarbrücken","subtitle":"France"},"title":"Saarbrücken","rightDetail":"16 km"},{"page":{"map":"xtGpxOlP","url":"/visit/zweibruecken/xtGpxOlP","type":"page","count":1,"title":"Zweibrücken","subtitle":"France"},"title":"Zweibrücken","rightDetail":"26 km"},{"page":{"map":"EUV3I4cc","url":"/visit/bitche/EUV3I4cc","type":"page","count":1,"title":"Bitche","subtitle":"France"},"title":"Bitche","rightDetail":"27 km"},{"page":{"map":"szpcykmT","url":"/visit/saint-avold/szpcykmT","type":"page","count":1,"title":"Saint-Avold","subtitle":"France"},"title":"Saint-Avold","rightDetail":"27 km"}]},{"rightAccessory":"chevron-right","title":"Cities in France","type":"list","items":[{"page":{"map":"B7DS4V1m","url":"/visit/paris/B7DS4V1m","type":"page","count":497,"title":"Paris","subtitle":"France"},"title":"Paris","leftAccessory":"count","leftAccessoryCount":497},{"page":{"map":"KXcDeFyY","url":"/visit/lyon/KXcDeFyY","type":"page","count":139,"title":"Lyon","subtitle":"France"},"title":"Lyon","leftAccessory":"count","leftAccessoryCount":139},{"page":{"map":"U2PrX7mN","url":"/visit/lille/U2PrX7mN","type":"page","count":18,"title":"Lille","subtitle":"France"},"title":"Lille","leftAccessory":"count","leftAccessoryCount":18},{"page":{"map":"a81yKusf","url":"/visit/nantes/a81yKusf","type":"page","count":17,"title":"Nantes","subtitle":"France"},"title":"Nantes","leftAccessory":"count","leftAccessoryCount":17},{"page":{"map":"kCPeb6ls","url":"/visit/strasbourg/kCPeb6ls","type":"page","count":15,"title":"Strasbourg","subtitle":"France"},"title":"Strasbourg","leftAccessory":"count","leftAccessoryCount":15},{"page":{"map":"f9pePS41","url":"/visit/toulouse/f9pePS41","type":"page","count":15,"title":"Toulouse","subtitle":"France"},"title":"Toulouse","leftAccessory":"count","leftAccessoryCount":15},{"page":{"map":"QfoEidod","url":"/visit/bordeaux/QfoEidod","type":"page","count":15,"title":"Bordeaux","subtitle":"France"},"title":"Bordeaux","leftAccessory":"count","leftAccessoryCount":15},{"page":{"map":"zOAx4iIs","url":"/visit/montpellier/zOAx4iIs","type":"page","count":14,"title":"Montpellier","subtitle":"France"},"title":"Montpellier","leftAccessory":"count","leftAccessoryCount":14}]}]}}