{"apiVersion":0,"version":"6cae702","data":{"type":"page","count":2,"map":"tfZicc9h","title":"Fermo","subtitle":"Italy","url":"/visit/fermo/tfZicc9h","utcOffset":120,"content":[{"items":[{"page":{"url":"/listen/radio-fm-1/dkJ0gV6f","type":"channel","place":{"id":"tfZicc9h","title":"Fermo"},"title":"Radio FM1","secure":true,"country":{"id":"rUtTcuHL","title":"Italy"},"stream":"rincloud01.it"}},{"page":{"url":"/listen/black-and-white-radio/6C3IV9ZB","type":"channel","place":{"id":"tfZicc9h","title":"Fermo"},"title":"Black And White Radio","secure":true,"country":{"id":"rUtTcuHL","title":"Italy"},"stream":"server89.com"}}],"itemsType":"channel","title":"Stations in Fermo","type":"list"},{"itemsType":"channel","title":"Picks from the Area","type":"list","items":[{"page":{"url":"/listen/radio-nuova/7cP3WoNE","type":"channel","place":{"id":"Tp9Lh2Yi","title":"Macerata"},"title":"Radio Nuova Macerata","secure":true,"country":{"id":"rUtTcuHL","title":"Italy"},"subtitle":"Macerata","stream":"fluidstream.net"}},{"page":{"url":"/listen/radio-ascoli-fm-87-5/JoBmWZnU","type":"channel","place":{"id":"yCHPcqOb","title":"Ascoli Piceno"},"title":"Radio Ascoli FM 87.5","secure":true,"country":{"id":"rUtTcuHL","title":"Italy"},"subtitle":"Ascoli Piceno","stream":"fluidstream.net"}},{"page":{"url":"/listen/radiolinea/CUs0zfAL","type":"channel","place":{"id":"4BlOzj1z","title":"Civitanova Marche"},"title":"Radio Linea N1","secure":true,"country":{"id":"rUtTcuHL","title":"Italy"},"subtitle":"Civitanova Marche","stream":"rblive.it"}},{"page":{"url":"/listen/radio-studio-b4/q6zi4Quq","type":"channel","place":{"id":"r-b9fMOm","title":"Civitella del Tronto"},"title":"Radio Studio B4","secure":true,"country":{"id":"rUtTcuHL","title":"Italy"},"subtitle":"Civitella del Tronto","stream":"xdevel.com"}},{"page":{"url":"/listen/radio-fm-faleria/wKKV9hMo","type":"channel","place":{"id":"XvaNDCxH","title":"Porto Sant'Elpidio"},"title":"Radio FM Faleria","secure":true,"country":{"id":"rUtTcuHL","title":"Italy"},"subtitle":"Porto Sant'Elpidio","stream":"newradio.it"}}]},{"itemsType":"channel","title":"Popular in Italy","type":"list","items":[{"page":{"url":"/listen/rai-radio-1/VgSq5B1V","type":"channel","place":{"id":"o5ZJ7lQK","title":"Rome"},"title":"Rai Radio 1","secure":true,"country":{"id":"rUtTcuHL","title":"Italy"},"subtitle":"Rome","stream":"rai.it"}},{"page":{"url":"/listen/rai-radio2/zO4zUoXY","type":"channel","place":{"id":"o5ZJ7lQK","title":"Rome"},"title":"Rai Radio 2","secure":true,"country":{"id":"rUtTcuHL","title":"Italy"},"subtitle":"Rome","stream":"rai.it"}},{"page":{"url":"/listen/105/barjy93I","type":"channel","place":{"id":"J3Bamiy2","title":"Milan"},"title":"Radio 105 FM","secure":true,"country":{"id":"rUtTcuHL","title":"Italy"},"subtitle":"Milan","stream":"unitedradio.it"}},{"page":{"url":"/listen/rai-radio3/CV1QBKuj","type":"channel","place":{"id":"o5ZJ7lQK","title":"Rome"},"title":"Rai Radio 3","secure":true,"country":{"id":"rUtTcuHL","title":"Italy"},"subtitle":"Rome","stream":"rai.it"}},{"page":{"url":"/listen/rds-fm-103-0/Zelr0EM2","type":"channel","place":{"id":"o5ZJ7lQK","title":"Rome"},"title":"RDS FM 103.0","secure":true,"country":{"id":"rUtTcuHL","title":"Italy"},"subtitle":"Rome","stream":"rds.radio"}},{"rightAccessory":"chevron-right","title":"Go to Italy","type":"more","page":{"type":"page","title":"Italy","url":"/visit/italy/rUtTcuHL"}}]},{"rightAccessory":"chevron-right","title":"Nearby Fermo","type":"list","items":[{"page":{"map":"XvaNDCxH","url":"/visit/porto-sant-elpidio/XvaNDCxH","type":"page","count":1,"title":"Porto Sant'Elpidio","subtitle":"Italy"},"title":"Porto Sant'Elpidio","rightDetail":"11 km"},{"page":{"map":"4BlOzj1z","url":"/visit/civitanova-marche/4BlOzj1z","type":"page","count":2,"title":"Civitanova Marche","subtitle":"Italy"},"title":"Civitanova Marche","rightDetail":"16 km"},{"page":{"map":"Tp9Lh2Yi","url":"/visit/macerata/Tp9Lh2Yi","type":"page","count":3,"title":"Macerata","subtitle":"Italy"},"title":"Macerata","rightDetail":"27 km"},{"page":{"map":"yCHPcqOb","url":"/visit/ascoli-piceno/yCHPcqOb","type":"page","count":1,"title":"Ascoli Piceno","subtitle":"Italy"},"title":"Ascoli Piceno","rightDetail":"36 km"},{"page":{"map":"o2kc3WHA","url":"/visit/sant-egidio-alla-vibrata/o2kc3WHA","type":"page","count":2,"title":"Sant'Egidio alla Vibrata","subtitle":"Italy"},"title":"Sant'Egidio alla Vibrata","rightDetail":"37 km"}]},{"rightAccessory":"chevron-right","title":"Cities in Italy","type":"list","items":[{"page":{"map":"o5ZJ7lQK","url":"/visit/rome/o5ZJ7lQK","type":"page","count":96,"title":"Rome","subtitle":"Italy"},"title":"Rome","leftAccessory":"count","leftAccessoryCount":96},{"page":{"map":"J3Bamiy2","url":"/visit/milan/J3Bamiy2","type":"page","count":93,"title":"Milan","subtitle":"Italy"},"title":"Milan","leftAccessory":"count","leftAccessoryCount":93},{"page":{"map":"6PyjGw08","url":"/visit/turin/6PyjGw08","type":"page","count":29,"title":"Turin","subtitle":"Italy"},"title":"Turin","leftAccessory":"count","leftAccessoryCount":29},{"page":{"map":"zQKyRwxP","url":"/visit/genoa/zQKyRwxP","type":"page","count":18,"title":"Genoa","subtitle":"Italy"},"title":"Genoa","leftAccessory":"count","leftAccessoryCount":18},{"page":{"map":"HSBmaHQc","url":"/visit/naples/HSBmaHQc","type":"page","count":16,"title":"Naples","subtitle":"Italy"},"title":"Naples","leftAccessory":"count","leftAccessoryCount":16},{"page":{"map":"dPPs8c2v","url":"/visit/noventa-padovana/dPPs8c2v","type":"page","count":15,"title":"Noventa Padovana","subtitle":"Italy"},"title":"Noventa Padovana","leftAccessory":"count","leftAccessoryCount":15},{"page":{"map":"5YFjEtAG","url":"/visit/bologna/5YFjEtAG","type":"page","count":15,"title":"Bologna","subtitle":"Italy"},"title":"Bologna","leftAccessory":"count","leftAccessoryCount":15},{"page":{"map":"byUAduFI","url":"/visit/modena/byUAduFI","type":"page","count":14,"title":"Modena","subtitle":"Italy"},"title":"Modena","leftAccessory":"count","leftAccessoryCount":14}]}]}}